filename,width,height,class,xmin,ymin,xmax,ymax
a_446_jpg.rf.a7d7b0c9b2995e607607cc72b64294a7.jpg,720,404,13,273,198,458,312
a_590_jpg.rf.a5fcc7fd563eaa6d7f7c7a723fe4b23e.jpg,720,404,13,281,204,462,307
a_919_jpg.rf.a71a187560eb90be8ed75a2304518089.jpg,720,404,10,209,246,442,325
a_35_jpg.rf.a73c2d94380e8f2ecd0b62f8469d4fa0.jpg,720,404,6,149,26,330,237
surgery_18_jpg.rf.a89775d40c6b60be6b26dc983100c73f.jpg,2304,1440,13,1055,748,1541,1016
a_866_jpg.rf.a97a53df6c11164c0d70765ecf7c2d1f.jpg,720,404,7,259,140,381,298
a_454_jpg.rf.a9e60b154279e8a3751faca828bb656c.jpg,720,404,2,176,243,478,361
a_667_jpg.rf.ab334beb0fd5d83c40fd0450e4aca928.jpg,720,404,13,283,216,426,329
a_149_jpg.rf.a95038753a1e2e1b7ca26ee41c8e43c9.jpg,720,404,11,203,300,327,390
surgery_12_jpg.rf.abd9484564a84e2f799cfbbf0a2a92ae.jpg,2304,1440,13,1111,750,1529,1016
a_325_jpg.rf.aabc19ce49a2602c7ed59958b3931264.jpg,720,404,6,152,37,305,263
again_10_jpg.rf.abf84d3c2c1df7b189775bff141d6e84.jpg,2304,1440,0,1003,582,1376,920
medicine_25_jpg.rf.ae741a8c45d1d9c3e7340db8effe8770.jpg,2304,1440,9,1025,818,1291,1100
head1_22_jpg.rf.a941fd4e7666b6274dd114361642fb41.jpg,2304,1440,6,719,282,994,928
a_851_jpg.rf.ad260185389bb9cab81de01f56878bcd.jpg,720,404,6,141,27,283,230
a_1043_jpg.rf.b0fb9639fd6839ed963bd9a85353ad10.jpg,720,404,5,226,137,305,316
inside_5_jpg.rf.aecd80c1690ebce03af822ee328d3adf.jpg,2304,1440,7,1017,658,1244,1036
a_164_jpg.rf.ac4335f68dad66a276e7892b39e0dc43.jpg,720,404,13,310,221,476,322
again_11_jpg.rf.af2f21e005997cb7e40ad3d53f8de15e.jpg,2304,1440,0,1050,588,1379,894
medicine_2_jpg.rf.b1b82d685c336f9f55d50c40c67ad3ac.jpg,2304,1440,9,1019,856,1316,1276
a_865_jpg.rf.b1d6197bb8e0ab3faa4878345c5beadf.jpg,720,404,7,260,143,386,292
a_49_jpg.rf.ac942d7b82c0b41dbd87137168c52acd.jpg,720,404,6,137,22,312,238
a_390_jpg.rf.ac5e88ea9d50ef17a6a8828c4d997d96.jpg,720,404,9,298,245,398,404
a_192_jpg.rf.b374bef38c9bf92c992e500964cbb13a.jpg,720,404,3,282,223,383,404
snot_7_jpg.rf.b1b3e130683aa9f5d2ce9534b31861a9.jpg,2304,1440,12,953,460,1158,994
a_1015_jpg.rf.b3a711671d87c98dc395f095869727f5.jpg,720,404,4,229,27,307,99
a_582_jpg.rf.af034c586997567f2a6bcdd9b31109aa.jpg,720,404,13,281,192,459,328
a_30_jpg.rf.b1df83ec777c63227d77687e65b0e0a9.jpg,720,404,6,144,37,284,263
a_225_jpg.rf.b1ac9d3a112c7fe45e3e74509493e071.jpg,720,404,5,152,58,263,279
a_120_jpg.rf.ac8fc05b56759179c7afb7d08f80f0fa.jpg,720,404,10,201,310,437,404
head1_3_jpg.rf.b1ff4fde007e4caeabcda92d6da61b2a.jpg,2304,1440,6,686,258,983,946
today_12_jpg.rf.af490ac7d75299628a2ee3d241399fb8.jpg,2304,1440,2,837,948,1498,1168
a_954_jpg.rf.adeccaeb7fdbfb1a30b5ba0090b3899a.jpg,720,404,12,179,86,344,298
yes_11_jpg.rf.b51293de8efa4514a0edc625d4bd743d.jpg,2304,1440,4,818,298,1059,588
a_103_jpg.rf.b50cdd211ce798db6a8bfddf04f7ddb5.jpg,720,404,9,273,212,378,378
a_856_jpg.rf.b3d23c75a7b106ccc4e51dd706025446.jpg,720,404,7,253,141,386,308
a_337_jpg.rf.b48c99bc7d57594e45bdea327c135a5c.jpg,720,404,7,225,198,417,391
a_419_jpg.rf.b4ea600d5ce29d37e3bdffbaaa70b6b2.jpg,720,404,12,203,112,363,335
a_366_jpg.rf.b84f04c580d71ae64b1dcca5915aecc8.jpg,720,404,8,274,214,453,341
a_969_jpg.rf.b72d2d4d155518f91a5636b9b3269d82.jpg,720,404,13,262,207,425,310
a_1017_jpg.rf.b5ea830b8028d6d26c1ab2ec68de3aa9.jpg,720,404,4,222,27,304,99
again_12_jpg.rf.bb2f2078949e87a7599c2015cdc5a82f.jpg,2304,1440,0,1028,578,1366,950
a_967_jpg.rf.bb2103965c42ee20b27874a091126a9f.jpg,720,404,13,271,202,427,311
a_910_jpg.rf.ba582811c1b9af3190c523f552d59e62.jpg,720,404,9,291,165,404,319
a_129_jpg.rf.b8c1bec3f00f6a7e2009377524a0bee5.jpg,720,404,11,179,290,289,397
a_959_jpg.rf.bb400a23acf689e61bc96f892a2118e9.jpg,720,404,13,294,137,446,226
when_25_jpg.rf.ba72645329c8661e3d942ef695d94c85.jpg,2304,1440,3,1044,800,1206,1134
sick_14_jpg.rf.b8de76a80f55ecd170dbf4abbe580f94.jpg,2304,1440,11,790,856,997,1080
a_189_jpg.rf.bce5083da74233a4c8d9235c0f8d296d.jpg,720,404,3,272,232,368,401
leg_16_jpg.rf.bba7a0b3cbcfd5c3703b064352fd5293.jpg,2304,1440,8,1052,498,1437,924
head1_16_jpg.rf.bc07a9d64bf384b4d0694441da21125f.jpg,2304,1440,6,704,292,1003,928
surgery_15_jpg.rf.b5969d37d98cfd839131cf1e51aa7ecb.jpg,2304,1440,13,1089,750,1537,1010
today_26_jpg.rf.bba1feb1b6e5a2128c37f8268da11d51.jpg,2304,1440,2,848,994,1474,1242
leg_22_jpg.rf.be1707ad83f04b8840bc6003a39b5c54.jpg,2304,1440,8,1050,492,1439,958
a_837_jpg.rf.b9658f321083646826a38d007f00b746.jpg,720,404,6,122,15,307,201
a_376_jpg.rf.bc90cef4e3c3b53111db4088d6bcc911.jpg,720,404,9,291,242,407,395
a_168_jpg.rf.b7ab8cbf8a3d720c8dd1d4e74f33e013.jpg,720,404,13,283,243,464,380
a_976_jpg.rf.b92d338d91f132b2b8117aba8ad84733.jpg,720,404,2,186,252,462,339
when_13_jpg.rf.bdf373f640c8b3efce15b7b5688075d3.jpg,2304,1440,3,1014,808,1235,1122
a_501_jpg.rf.b9e83026c081a0b4df467820e22b6148.jpg,720,404,5,170,99,281,295
medicine_5_jpg.rf.b96969524c2ba57fb8e97f92b2d5edd7.jpg,2304,1440,9,1017,798,1301,1184
a_821_jpg.rf.bd69d36ff6f479f475e8711ab9ceaae2.jpg,720,404,1,246,157,378,266
a_642_jpg.rf.b926b6059f75eda5f1190cb5517040e0.jpg,720,404,13,284,243,478,323
a_498_jpg.rf.b9d5d5bd4b28e76c5554df85391613a3.jpg,720,404,5,175,96,285,292
a_441_jpg.rf.bea3ddf3e376e47a50660c5fa76c8dcb.jpg,720,404,9,304,210,464,315
when_11_jpg.rf.bf258b85ba51d165a831ab92e4a5e475.jpg,2304,1440,3,981,784,1226,1128
a_312_jpg.rf.c32093d608e7f719d605d4df41282af3.jpg,720,404,6,155,33,325,254
a_42_jpg.rf.c41aec062d42652e80cc0db0e279d7cd.jpg,720,404,6,132,16,298,252
a_23_jpg.rf.bf6276aa45c33ef2bbbcd8a330d2b3eb.jpg,720,404,1,241,249,393,360
a_978_jpg.rf.bf729fe1a5957472c322330ea0301215.jpg,720,404,2,189,255,450,338
fall_31_jpg.rf.bf2b1ee57f4e9d4a77c4931797ad13b5.jpg,2304,1440,1,958,682,1264,978
no_8_jpg.rf.c3d430a12de30e74c4fbe9d55a5e711a.jpg,2304,1440,10,855,1046,1435,1256
yes_19_jpg.rf.c2a0dd489026a4c8ad95b477ffe2bddc.jpg,2304,1440,4,736,360,1037,610
today_10_jpg.rf.c1a9b61e300e7ddc396a83d2554b342e.jpg,2304,1440,2,809,998,1507,1274
a_796_jpg.rf.c0194f6da65ddf93bc49966643d50c53.jpg,720,404,0,273,120,392,205
a_864_jpg.rf.c857aa2efc4896c1308d67414a15d5f9.jpg,720,404,7,260,136,385,294
when_7_jpg.rf.c467cad4da43484c67b58bb1985836be.jpg,2304,1440,3,1023,808,1228,1138
a_45_jpg.rf.c590c26dbd566ebeb0296ca8dc0fa411.jpg,720,404,6,146,34,328,251
a_460_jpg.rf.c5b707ac5f7053453ca6fb448daf1594.jpg,720,404,2,178,333,443,404
a_299_jpg.rf.c5388b9ac67be681453de815354d8869.jpg,720,404,1,239,277,379,391
a_217_jpg.rf.c7893ababf2a20d4e5770fbd97c887ef.jpg,720,404,4,177,49,294,137
a_407_jpg.rf.c7fb9b7223dd1c2cc6f1f552da70fd8c.jpg,720,404,11,179,299,282,382
a_163_jpg.rf.c049fbe429cc7cf89e6c364a06c1fd85.jpg,720,404,13,313,208,477,322
a_626_jpg.rf.c4722f81876c4f08d479c9fc63616234.jpg,720,404,13,320,202,446,322
a_952_jpg.rf.c7ddd576ef7ee3d47412a6c576adfb5d.jpg,720,404,12,193,51,341,295
inside_3_jpg.rf.c977f6f9c146cb1de625f6bb803d8b5e.jpg,2304,1440,7,1008,620,1264,1038
a_354_jpg.rf.cc88da707b4aa11d73f60177bb472ae4.jpg,720,404,8,294,228,457,342
a_908_jpg.rf.cba1d483a75d87ecf1b0d0285c3fd3fa.jpg,720,404,9,294,168,401,328
medicine_22_jpg.rf.ca33e74762335ced353af01fba0c94c0.jpg,2304,1440,9,1019,810,1298,1112
head_10_jpg.rf.cfd2c2ec5584c3dc6011487d03685e85.jpg,2304,1440,6,1021,184,1376,678
surgery_4_jpg.rf.ca6d3af7d86ca70fd449bbd713abeef1.jpg,2304,1440,13,1145,762,1510,1000
medicine_24_jpg.rf.ca61e1e8d1da77be37adf705f31c2875.jpg,2304,1440,9,1028,810,1294,1114
a_404_jpg.rf.caccbaffe4ebd0e9cb8c85d015488eba.jpg,720,404,11,158,292,261,378
a_367_jpg.rf.c7be0fc2b09472950648a4f561dc2921.jpg,720,404,8,266,216,447,344
a_32_jpg.rf.cd480fdd8994ecf4c4c082854b8e9d8a.jpg,720,404,6,144,15,312,245
a_677_jpg.rf.cac833fe8fdade037e16606341d5552c.jpg,720,404,13,282,251,436,340
a_216_jpg.rf.cbf3407be16ce2b0a31ca66d523dfa6e.jpg,720,404,4,214,42,303,131
a_111_jpg.rf.c79eac6cadce6dbe863625f657af99b4.jpg,720,404,10,181,208,479,319
surgery_11_jpg.rf.ca151d0b88f1666124068680f954f687.jpg,2304,1440,13,1140,742,1538,1028
a_995_jpg.rf.d15ccb5310aa51918a45c393a22fba37.jpg,720,404,3,280,180,372,305
medicine_17_jpg.rf.cfe3d97362dfbd1386f62661341c57f2.jpg,2304,1440,9,1015,766,1314,1106
today_22_jpg.rf.c8b2456d0bcfb6d10795cc2964870ddb.jpg,2304,1440,2,844,986,1483,1248
a_99_jpg.rf.d1b1f3f2791e0946de1aa1bde138e2aa.jpg,720,404,9,273,219,380,387
sick_10_jpg.rf.d05e27cd4ff6137137f7faa02fd8ea3f.jpg,2304,1440,11,792,878,1001,1086
a_630_jpg.rf.d242a920f8cd07de5a4cd9cb89e62b05.jpg,720,404,13,260,200,452,343
a_278_jpg.rf.d2282f8f3cb4be09608fe57230534d69.jpg,720,404,0,260,205,411,302
yes_10_jpg.rf.d8c2ed9c50140f9e85dd8a943264ff56.jpg,2304,1440,4,828,258,1073,600
medicine_16_jpg.rf.cf190ba5efae1523deb79f88a254ad9d.jpg,2304,1440,9,1022,780,1314,1116
a_14_jpg.rf.d14e9ba5531eed58df509f84be9ecb2c.jpg,720,404,1,259,224,408,397
a_838_jpg.rf.d3f14c9f3e6a44ad78028917a0856609.jpg,720,404,6,122,10,299,200
a_72_jpg.rf.d6ca10dce987bb4ee8d2d82db8b62b7c.jpg,720,404,7,247,249,392,404
yes_8_jpg.rf.cfcba8cde3f5c77c4dec9fadef442d30.jpg,2304,1440,4,828,292,1071,552
a_85_jpg.rf.d7711cd43064e71f16fd7341e45416ca.jpg,720,404,8,298,217,463,333
a_1051_jpg.rf.d3523b9039ed60982b5732630305eb38.jpg,720,404,5,218,130,292,303
snot_17_jpg.rf.d7a1907674ee20d6782223514aecf055.jpg,2304,1440,12,909,440,1143,1006
snot_18_jpg.rf.d5fd160dd1a87000a2304b49cbf96abb.jpg,2304,1440,12,913,470,1147,1004
a_21_jpg.rf.d4bfe3a9d81eb609014841ff4e54c1fd.jpg,720,404,1,246,253,378,350
a_56_jpg.rf.d0eaf1df156e702a041580042ac0ae8b.jpg,720,404,6,154,30,324,237
medicine_30_jpg.rf.d5c339799ee870e877f34f99ffcaa94e.jpg,2304,1440,9,1016,814,1300,1118
snot_14_jpg.rf.d808f98a1f80235a45a45d7b0eca229f.jpg,2304,1440,12,895,424,1136,1026
no_7_jpg.rf.d398732f116a4f88b4e98b4200d5c338.jpg,2304,1440,10,864,1074,1435,1284
a_439_jpg.rf.d83b5150d7e0167037ec7992a0dcef9f.jpg,720,404,9,297,207,474,325
fall_28_jpg.rf.d89fea735e317f8f0905dbd9a7a5b902.jpg,2304,1440,1,940,676,1264,964
a_46_jpg.rf.d8daf9ed7335c2e903a7861bef386bee.jpg,720,404,6,152,31,326,243
a_287_jpg.rf.d8b045f6fdd5734980347c40a1682ae7.jpg,720,404,1,228,240,393,404
today_9_jpg.rf.d5df8ffcd8f4c2e3cad26a150ac92235.jpg,2304,1440,2,819,970,1525,1232
a_635_jpg.rf.d8a5ccd4044eaddd52dfbbe5384ecee3.jpg,720,404,13,270,226,473,334
a_797_jpg.rf.d91c95c0267bfb22ecab4e344b05d507.jpg,720,404,0,301,110,415,204
fall_8_jpg.rf.df9b8fa17125b96420995a7d9e7c5817.jpg,2304,1440,1,956,512,1215,926
today_7_jpg.rf.d9b0e83c733c8371f0e57ff891b58b64.jpg,2304,1440,2,794,886,1536,1106
a_433_jpg.rf.dea0829d3c49233e87a7e350c2895eca.jpg,720,404,9,307,221,468,344
a_405_jpg.rf.d95a6ce310c883910121106c5e6964a8.jpg,720,404,11,188,289,295,376
again_14_jpg.rf.dd0db8463142862497e165d2507820f9.jpg,2304,1440,0,1007,576,1372,948
a_277_jpg.rf.d98a3b917c3775f0f4576e71a40c6a3e.jpg,720,404,0,274,202,414,299
a_1018_jpg.rf.e1284d6bbebb05cc257c22ff39534306.jpg,720,404,4,235,32,308,110
head1_15_jpg.rf.dedc6a6b5539d8dec7b8c61a5dcda517.jpg,2304,1440,6,717,292,1007,920
a_227_jpg.rf.d958fb4e3956199299cc24030a49e54f.jpg,720,404,5,167,81,276,291
a_926_jpg.rf.db74e982d751b6828927b2b1261f0302.jpg,720,404,11,167,193,271,278
a_813_jpg.rf.dd94dd97d36666e3e0657d2f78659d6f.jpg,720,404,1,251,138,373,277
a_379_jpg.rf.dd44654f255fc5c961bb057f732b716f.jpg,720,404,9,300,239,411,389
a_972_jpg.rf.dc8bf5f0b47a3db99c8d472578b00c6b.jpg,720,404,2,167,198,486,276
fall_1_jpg.rf.dd7cd76f35f5d2827d109e3c317c0926.jpg,2304,1440,1,950,590,1269,1088
fall_10_jpg.rf.dba91f8202e68f49b7a08ec0366ab68b.jpg,2304,1440,1,951,506,1219,964
a_839_jpg.rf.da2b3c0d9e0caea3e1485269bb14dcee.jpg,720,404,6,122,8,301,217
sick_8_jpg.rf.daba1e84b6c8dc77eca3a63c5a8b75f3.jpg,2304,1440,11,751,860,963,1084
yesterday_13_jpg.rf.dfcb133d3839a50e8bdc94ed48fd25a8.jpg,2304,1440,5,976,380,1142,834
a_632_jpg.rf.e23793472b285164bb9c43bd31ddc76d.jpg,720,404,13,281,204,454,329
fall_32_jpg.rf.de0cb72a31cff72c778eb765fbd3e83e.jpg,2304,1440,1,958,712,1250,998
a_363_jpg.rf.e0deb05c9809c6d65451c02544d3aee7.jpg,720,404,8,268,219,454,341
a_927_jpg.rf.d9de81da60c610492a4b98d27900cbb0.jpg,720,404,11,185,200,284,277
a_950_jpg.rf.e0973a130d952e01a60301c5842f7fa1.jpg,720,404,12,204,38,353,285
a_581_jpg.rf.e5a8c428353342cbd269bdf80ea32d10.jpg,720,404,13,278,187,451,321
medicine_12_jpg.rf.e54c22f5620dd50598e0c9e8df4e305c.jpg,2304,1440,9,1014,790,1302,1122
fall_18_jpg.rf.e486c3cf888dcb4727809f31403f17d2.jpg,2304,1440,1,952,688,1262,998
a_81_jpg.rf.e8a919a35190b56d4c6cd5e4d5421548.jpg,720,404,8,286,216,454,330
today_21_jpg.rf.e8777ccd82fdab5d766d181e57e1a210.jpg,2304,1440,2,830,988,1505,1248
inside_9_jpg.rf.e1d32be565a012b48f00ee7ca7b19e31.jpg,2304,1440,7,1017,646,1255,1038
again_17_jpg.rf.e021a11b7a66fdd47cf90f8b2df7dc01.jpg,2304,1440,0,1030,598,1358,902
a_585_jpg.rf.e781293d5dc56bd83e956088d69d1fd6.jpg,720,404,13,277,187,454,324
again_13_jpg.rf.e86c05502cd9af1d10addc97cc69d0d0.jpg,2304,1440,0,1024,592,1366,976
a_22_jpg.rf.e4c53085b1c99a9dab589f0094330a59.jpg,720,404,1,249,254,384,353
today_6_jpg.rf.e7ad36c5fc18af353e0a2fff4f887e0f.jpg,2304,1440,2,782,878,1552,1114
a_918_jpg.rf.e734373202f6fdec85c7b6b079dfecd4.jpg,720,404,10,203,247,443,322
a_122_jpg.rf.e67780216028ac4e6ebe66bfbfb81732.jpg,720,404,10,220,281,428,399
when_9_jpg.rf.e752e6400841b7073c5e57c175c348e8.jpg,2304,1440,3,999,798,1242,1132
inside_6_jpg.rf.dfbf9eaa3d0ccb2343a922675c45b45d.jpg,2304,1440,7,1026,646,1253,1044
a_65_jpg.rf.dd281bfc9389cc8e74bdf0f1a9aee430.jpg,720,404,7,241,247,381,393
a_592_jpg.rf.e932ac3d3da9050ba070a65a9a73b282.jpg,720,404,13,299,211,471,311
snot_3_jpg.rf.ecb30d8ccae7e53e1a41eddf2ece2408.jpg,2304,1440,12,920,404,1143,970
a_344_jpg.rf.eb21eaf1a48f7a1459e217dce3f82243.jpg,720,404,7,235,221,386,401
medicine_14_jpg.rf.e9ac2ba94205284d79dd61b4deff644c.jpg,2304,1440,9,1019,800,1293,1132
a_588_jpg.rf.e336695eda233f027a471816b4b449d2.jpg,720,404,13,285,204,451,316
a_451_jpg.rf.eaa0148c437fb4e699ad483dd31e1610.jpg,720,404,13,277,202,471,328
a_989_jpg.rf.ec574da1f6600c654fea96ffd576abef.jpg,720,404,3,282,169,358,295
a_481_jpg.rf.ea7ed14fa96177b060c7402948f162a6.jpg,720,404,4,204,37,296,148
leg_29_jpg.rf.e8a8b6baf7c1995917c53b4e6ead062d.jpg,2304,1440,8,1093,538,1467,970
a_946_jpg.rf.e8d01dfae9f39f8f78f22a5c533cdaea.jpg,720,404,12,203,24,337,269
a_381_jpg.rf.e9a00c84e29aebe4dd6a6d58a787d063.jpg,720,404,9,293,243,412,394
a_101_jpg.rf.ef45b41736ee45540cff10781ecda2f6.jpg,720,404,9,274,218,382,380
a_387_jpg.rf.f11b9e8bdb63339b18a15890cc59abe7.jpg,720,404,9,286,238,398,404
inside_10_jpg.rf.ef478d27d2715b0b7c0090e865fdb612.jpg,2304,1440,7,987,612,1255,1060
head1_25_jpg.rf.ea7f640acc4a68a6ea534df2534e62ee.jpg,2304,1440,6,709,280,992,930
when_24_jpg.rf.e3574b977aae1c4c31bd1c58d1820593.jpg,2304,1440,3,1040,808,1197,1136
yes_18_jpg.rf.f332c63df8c5770467f9ed5ad5e44f93.jpg,2304,1440,4,782,334,1059,590
surgery_30_jpg.rf.f0503e9ee3d44f142af00cf5454b60b4.jpg,2304,1440,13,1113,778,1525,1058
medicine_11_jpg.rf.ef1707e59c3eacf7143c0e67205eb1ce.jpg,2304,1440,9,1014,770,1307,1146
a_307_jpg.rf.eb16277c4b759a180b88e379687a9e27.jpg,720,404,6,160,29,323,255
a_358_jpg.rf.f4e996acaed11bab101d8dba421e835b.jpg,720,404,8,284,218,466,346
no_19_jpg.rf.ef92ca264818ddba0d68eb56398d776c.jpg,2304,1440,10,837,1010,1422,1202
a_951_jpg.rf.f1c66ca3b18e61a137b3d1fcb70d5daf.jpg,720,404,12,205,51,347,287
yesterday_10_jpg.rf.f1c70f13bda895c0a0c64f9c297da3cf.jpg,2304,1440,5,992,372,1140,846
a_595_jpg.rf.f1e8fa3d395d115420736c8d48e65416.jpg,720,404,13,300,220,478,318
a_960_jpg.rf.f1f50909d4def1f9be38341a27f53d59.jpg,720,404,13,288,132,449,236
a_26_jpg.rf.f503376bb6552c72455ec07cc5054500.jpg,720,404,1,240,258,387,361
a_215_jpg.rf.f577b9df40820a5c836433c901ff88ce.jpg,720,404,4,192,43,292,124
a_847_jpg.rf.f38faf8c86f40c3a9e80d6542ff0b562.jpg,720,404,6,139,15,288,215
a_833_jpg.rf.f54f981f5a650c5d1b4522f89b3cfa69.jpg,720,404,6,145,6,318,197
a_191_jpg.rf.f5c13b2bdda593c4a0b08a78884a6b09.jpg,720,404,3,285,257,382,379
medicine_13_jpg.rf.f3c8ecba029ad1dacc715962a8438010.jpg,2304,1440,9,1005,808,1298,1124
medicine_21_jpg.rf.f68c38447ec0c6601c1f228c86c18f21.jpg,2304,1440,9,1026,812,1310,1110
a_988_jpg.rf.f2cace1188235b93d15df8ad68fda802.jpg,720,404,3,281,168,357,297
a_500_jpg.rf.f783a6c2efd73c2cbf0fc19be4bfac09.jpg,720,404,5,171,101,287,286
no_16_jpg.rf.efed4e51e707e99e2eb09a89bba9bf62.jpg,2304,1440,10,837,1016,1427,1212
head1_13_jpg.rf.f846015a536e56de4c78ccd6b16a1940.jpg,2304,1440,6,707,294,1026,924
a_324_jpg.rf.f79f3dedebbe9a2284a53f308f8d31ba.jpg,720,404,6,152,39,309,262
a_309_jpg.rf.f6c5dc3324e28316abb8772b8a0f9cf1.jpg,720,404,6,164,34,331,253
today_18_jpg.rf.f48bf332f1ccaf3001fcc5eeb1ef0bb9.jpg,2304,1440,2,855,994,1485,1258
a_654_jpg.rf.f742fbb49c0eb0db0425353e0d2e7533.jpg,720,404,13,295,200,453,324
a_417_jpg.rf.f9ec7743bec967b0a525ec9f50d1f0c2.jpg,720,404,12,209,98,364,330
a_468_jpg.rf.fb28d7c3da1ab654c43bc651259029ba.jpg,720,404,3,278,249,375,383
a_489_jpg.rf.f56edc808e7bcd7912946745d1754501.jpg,720,404,4,202,59,291,138
fall_22_jpg.rf.fc7a3da90d5d373cfa21c2a830d46ee0.jpg,2304,1440,1,944,688,1255,984
a_494_jpg.rf.fd8e25e358deefbdccd59a79562cb8f0.jpg,720,404,5,148,32,236,310
when_15_jpg.rf.f9a220343a7f3e19178635aa7c617401.jpg,2304,1440,3,992,794,1231,1126
a_1024_jpg.rf.fe51e1eb125c244b910c65446878e2e4.jpg,720,404,5,190,65,286,272
when_21_jpg.rf.f8b0a54ceb7f58c9552901b236c524fc.jpg,2304,1440,3,1048,818,1205,1116
a_71_jpg.rf.fc4b0d85482cf2f3d56692f429f99e59.jpg,720,404,7,254,246,387,404
head_11_jpg.rf.f9b749b57479374ae307f84e68389197.jpg,2304,1440,6,1021,178,1379,720
a_469_jpg.rf.fae281ba744f8e1264c203b9771d19be.jpg,720,404,3,284,253,365,381
no_11_jpg.rf.fb5dd18e2c53baee803a83cc4ddfcdae.jpg,2304,1440,10,905,914,1431,1184
a_160_jpg.rf.fcc85a57cae3bf621b35b6b3e5ddd07b.jpg,720,404,13,347,171,501,289
a_1034_jpg.rf.f5f25557d2e630b54330e2ca0f81c9ec.jpg,720,404,5,209,62,289,275
a_495_jpg.rf.f913ebf5dc89eb15bfc01bd983e6c02d.jpg,720,404,5,166,56,262,292
a_887_jpg.rf.f99c8a1453188105724b7b367c6c2ca9.jpg,720,404,9,269,149,407,294
a_186_jpg.rf.fa6ca108cacc5dfa001f32f2910fff65.jpg,720,404,2,167,346,483,404
a_384_jpg.rf.fa6e4c38333f69a4a62c5b9234f86d19.jpg,720,404,9,290,244,403,404
a_643_jpg.rf.fb4558839053cd936592c394e295b2bc.jpg,720,404,13,281,243,483,322
a_44_jpg.rf.f8e85ca68db307537a9b69a7ce52b786.jpg,720,404,6,140,23,314,251
a_228_jpg.rf.fc8dc48a28f32309249b367abf340672.jpg,720,404,5,163,85,278,290
a_948_jpg.rf.fd88c3a3f125a124ddb0e3026d4601c8.jpg,720,404,12,201,57,341,303
surgery_14_jpg.rf.f7eb679fd0564396fce45200abfef8bd.jpg,2304,1440,13,1113,754,1532,1012
a_472_jpg.rf.fec181e03eb3e38bc9ed1731e35c05e0.jpg,720,404,3,284,257,366,388
today_8_jpg.rf.fb8caea0996932274fc1b7b5380371e4.jpg,2304,1440,2,796,898,1529,1178
today_23_jpg.rf.ff087deef3503e67c275000d55b64b9b.jpg,2304,1440,2,800,1004,1489,1242
a_162_jpg.rf.f95be3bd92a954901117ee058069bb15.jpg,720,404,13,314,196,480,318
leg_18_jpg.rf.ff7615c2b532accc95af4378e26a8352.jpg,2304,1440,8,1073,488,1447,916
fall_26_jpg.rf.4714f9eb4aa18719a1ed5029733e5d50.jpg,2304,1440,1,972,686,1269,966
surgery_20_jpg.rf.46a6cbad1e6d819631f80df19c1175ac.jpg,2304,1440,13,1080,750,1532,1028
a_323_jpg.rf.44731ec148113478f18e552fcf064447.jpg,720,404,6,150,35,303,268
a_820_jpg.rf.44d88374aaf29feac2dd42374b4d6877.jpg,720,404,1,246,165,375,258
head1_23_jpg.rf.45d1386a08f4cca8a6eb0697cd516aa6.jpg,2304,1440,6,706,278,994,928
a_422_jpg.rf.459247c8d28151363faf3f136f5de8b5.jpg,720,404,12,205,104,363,327
a_843_jpg.rf.4819c2a18acf628bdb095851918d6a10.jpg,720,404,6,129,19,274,240
head1_11_jpg.rf.431658aeffbb54cf7aebcc452314cf37.jpg,2304,1440,6,709,244,990,896
a_503_jpg.rf.49e8c75cbec8bd913fb5afaf8aca565f.jpg,720,404,5,165,93,275,335
a_806_jpg.rf.480c68bf09b3d80d10698a975e44e8ed.jpg,720,404,0,281,81,404,152
snot_22_jpg.rf.4a4fcdb4996e255ffc0a12cac57b4607.jpg,2304,1440,12,927,520,1159,1050
a_320_jpg.rf.48c0894c16db6b0751d88c79445044b9.jpg,720,404,6,144,35,315,264
head_16_jpg.rf.49b44e1cf5ad132bf810fdb92a996146.jpg,2304,1440,6,1015,190,1377,706
a_34_jpg.rf.4581a469cf1cffa599403c9afdaa0170.jpg,720,404,6,153,20,325,229
a_808_jpg.rf.48cb8ea9e879eed785773d536e4103b5.jpg,720,404,0,264,101,374,162
yesterday_18_jpg.rf.4c01f22335b26a88363a05bc7c76b588.jpg,2304,1440,5,992,374,1131,836
a_628_jpg.rf.4c3658eb1bf995b3fa595e704eb436c2.jpg,720,404,13,284,201,456,346
surgery_17_jpg.rf.497e4f96d762dd1911c4bfc47b733eea.jpg,2304,1440,13,1059,748,1538,1016
a_116_jpg.rf.441dd480e87cb1d9b84de995bfa9764d.jpg,720,404,10,189,289,450,389
a_39_jpg.rf.4bf5f88a1d5b88a465c363bcf905890d.jpg,720,404,6,153,32,335,236
snot_13_jpg.rf.4771f899999ba49ad41e428fb3d51a20.jpg,2304,1440,12,938,444,1140,1044
a_348_jpg.rf.4a01474ce10937ecac5b54e6438fe026.jpg,720,404,7,251,250,384,400
a_623_jpg.rf.4af9185858a5a8b2bc7d3b7eb94c0c52.jpg,720,404,13,287,208,450,335
a_888_jpg.rf.493a13780a528788680d7c83a926a830.jpg,720,404,9,275,160,394,294
a_934_jpg.rf.4d95b268d18bc0a447299a78aa2e214e.jpg,720,404,11,164,211,263,288
a_159_jpg.rf.4c7da2000b17d38112fd28d9e855bf21.jpg,720,404,13,347,184,484,272
head1_28_jpg.rf.4c16e5c084905ff54874b20a2dff19b9.jpg,2304,1440,6,702,278,994,936
snot_5_jpg.rf.4d8ca40b6447239dc3558a69930b9a1c.jpg,2304,1440,12,933,404,1142,968
a_897_jpg.rf.4f2a0132b15b3e4ac08eef16067bad0a.jpg,720,404,9,287,171,388,295
a_790_jpg.rf.4ec8128596dc94f522ce3c0c674e019c.jpg,720,404,13,280,200,385,289
a_896_jpg.rf.4c87639c6aaed673eae2770798ab5f0c.jpg,720,404,9,289,158,398,297
a_294_jpg.rf.4ca03a807508b8f0520c479eb973c6f3.jpg,720,404,1,241,258,386,384
fall_4_jpg.rf.4ffb5839960b812e3caef5148e106287.jpg,2304,1440,1,949,572,1235,948
surgery_13_jpg.rf.4eaff3731639e03a3cd7b408547f25e4.jpg,2304,1440,13,1114,746,1539,1004
head1_34_jpg.rf.4dda9b6096252b572428679e594ddd25.jpg,2304,1440,6,700,382,925,918
a_20_jpg.rf.50c46c889efdf51b09efc3391ca94030.jpg,720,404,1,248,232,381,355
a_823_jpg.rf.4b0e6607a7c698172da3f0e54de4ac06.jpg,720,404,1,248,163,372,258
a_3_jpg.rf.5124812a02fa2ce823f6a4f805d40bbf.jpg,720,404,0,298,195,418,279
fall_14_jpg.rf.4f618cd27257ef5d13be4a4f27dccfc0.jpg,2304,1440,1,926,538,1255,930
a_97_jpg.rf.4fe92d685cc3d000b87071cd929023a8.jpg,720,404,9,273,216,377,378
a_871_jpg.rf.4fe3c3993098282ee2a655241748eff1.jpg,720,404,8,268,157,423,269
a_655_jpg.rf.516f178c5701e690f304e78bfd4e26bd.jpg,720,404,13,286,202,455,323
a_815_jpg.rf.4dd91ca6289ea4e65f0602a0a56c7fdf.jpg,720,404,1,247,124,390,266
yesterday_14_jpg.rf.4f5f8bce13bac2483ec16f2cab3100c8.jpg,2304,1440,5,994,382,1138,820
a_19_jpg.rf.5905cac45597aac1da3e336b5e2b8bb8.jpg,720,404,1,251,188,397,369
a_488_jpg.rf.593cde0bec16923031d0df08197208a5.jpg,720,404,4,202,63,295,137
today_4_jpg.rf.5b1b13fecbe2b2403304163ba221ddd7.jpg,2304,1440,2,782,918,1527,1166
a_223_jpg.rf.5570fa3b39906273e8dacdc62d2023cc.jpg,720,404,5,137,19,230,292
a_448_jpg.rf.5a9467c3ed5e75a85c36cefd4841a4c8.jpg,720,404,13,278,202,476,318
a_901_jpg.rf.56990d0170e1940801cbfab0e2be410d.jpg,720,404,9,292,151,392,313
a_644_jpg.rf.5b2ba4477cb499b19c627787e6920e28.jpg,720,404,13,302,242,480,331
a_889_jpg.rf.59098391ff8d9203aef55bfbf51e2e2c.jpg,720,404,9,279,166,390,288
when_23_jpg.rf.57d341a4661b9bc351ec2dd94911056b.jpg,2304,1440,3,1042,800,1199,1122
no_18_jpg.rf.59117d687e569d60ed9308dabb3bdb44.jpg,2304,1440,10,828,990,1429,1206
yes_9_jpg.rf.59cabd2625cd5a11a634093c52bdbc93.jpg,2304,1440,4,837,312,1064,568
medicine_20_jpg.rf.579a03cf343aae71e5abc3734834fe61.jpg,2304,1440,9,1016,804,1302,1114
a_150_jpg.rf.531b8626b7c46e6533409d27e172804c.jpg,720,404,11,0,1,0,1
a_646_jpg.rf.526c8689b088ff302b0069d892de277c.jpg,720,404,13,280,237,471,328
a_1049_jpg.rf.5b4d0cffea4d94485def00d3433cc237.jpg,720,404,5,214,123,287,316
a_953_jpg.rf.59bf30da56822f6f5d95f9bd1aa7e5d0.jpg,720,404,12,193,60,343,302
a_1048_jpg.rf.5500f031a04ea150281dc0235ffb4b0d.jpg,720,404,5,219,135,294,319
a_598_jpg.rf.4b4642f7f923aac0bed478838c3ce2cc.jpg,720,404,13,309,225,490,341
a_288_jpg.rf.53613022805f1a63111f811288b6b095.jpg,720,404,1,223,249,378,404
head1_19_jpg.rf.5bd9a9328d3112559a229f15e2d5a3e2.jpg,2304,1440,6,719,288,996,926
a_332_jpg.rf.647142d59867032b51f535bb862a2a87.jpg,720,404,6,143,19,310,245
inside_7_jpg.rf.5c87814625ddfd162b2fc89bbe81114f.jpg,2304,1440,7,1001,642,1249,1036
head1_27_jpg.rf.60ed9a642aca56bb2ef3c76be9097baa.jpg,2304,1440,6,699,282,998,928
a_1029_jpg.rf.63131166d69d750c2125a9a1d8e97f51.jpg,720,404,5,212,49,299,277
a_440_jpg.rf.5a28389901e012bfc6d17bd2c20e46e9.jpg,720,404,9,318,209,468,306
a_502_jpg.rf.62c65257aafac9d769ae28136da41aa8.jpg,720,404,5,170,91,277,309
a_327_jpg.rf.660d10ae8c2b68a67414918fef0eab3f.jpg,720,404,6,144,7,294,249
a_2_jpg.rf.5e525e953c3879bc3509138eeec14698.jpg,720,404,0,305,191,415,275
a_1010_jpg.rf.6159a377183ad7ef21c097a269ea01d6.jpg,720,404,4,233,15,310,97
a_53_jpg.rf.62afe2c8de43691db16dca09017c9f64.jpg,720,404,6,158,28,325,233
a_118_jpg.rf.60e490187bb497a31e6d509cf79de0e0.jpg,720,404,10,199,274,437,394
a_464_jpg.rf.61275e86f906cb4a9d0a9fbffdd5b933.jpg,720,404,3,288,241,362,372
a_945_jpg.rf.5d38e5d06d422834dedc679abffa21b7.jpg,720,404,12,207,4,345,235
sick_2_jpg.rf.5ee0d2c7128071b6071ca43a004d0dbb.jpg,2304,1440,11,713,926,933,1128
a_949_jpg.rf.63b52861a3d0bc7917e98cc0b73864f6.jpg,720,404,12,201,45,342,294
a_146_jpg.rf.5e5774a118ce8161360287ee6343393d.jpg,720,404,11,136,292,281,369
surgery_22_jpg.rf.6239c40ed22d923a4f3000816d46bcb3.jpg,2304,1440,13,1078,740,1532,1008
head_13_jpg.rf.5d4623ff47b39e6bf236d4f797d9d9ad.jpg,2304,1440,6,1023,190,1379,686
a_594_jpg.rf.61d1c25f7319764cb946c3a74fe872bd.jpg,720,404,13,302,218,474,311
a_199_jpg.rf.673b750330c8b7d037218ae1d8b190bc.jpg,720,404,3,281,241,376,404
a_388_jpg.rf.659aae7de928e9ba848fae6a957b32fe.jpg,720,404,9,291,242,396,404
a_66_jpg.rf.63856b7f2c36c26f51291709473c5eb7.jpg,720,404,7,244,245,382,392
a_824_jpg.rf.6285edf2bf3fdfc2aa382e330bdee133.jpg,720,404,1,240,155,370,260
a_997_jpg.rf.621dc82a660b3624798cb1ecc6a4feaf.jpg,720,404,3,287,181,371,305
a_450_jpg.rf.6858d1a284147b516fcb9961ec45ee77.jpg,720,404,13,275,202,480,343
a_1036_jpg.rf.6786a078822423eb3f4d2f26d1d1164e.jpg,720,404,5,210,63,286,271
head1_33_jpg.rf.6de3d0f26e8531faf248f2969bada04f.jpg,2304,1440,6,698,310,954,1014
snot_16_jpg.rf.6e7fd0de230f9ad57c8692f546b767b3.jpg,2304,1440,12,915,434,1147,996
sick_3_jpg.rf.6d9d35ca58bb31e915c595ecc0bf31ea.jpg,2304,1440,11,713,896,947,1116
a_1045_jpg.rf.507611016ae5860d2cd353ca41c271ab.jpg,720,404,5,222,168,300,312
a_386_jpg.rf.68d266c4573cda09bf6970b0f4e2fb63.jpg,720,404,9,292,246,405,404
a_321_jpg.rf.6bf18cb02c7e4a3514c802a066007eea.jpg,720,404,6,155,32,308,261
a_1050_jpg.rf.6d8bab776ae284453d6d3c36827be3bd.jpg,720,404,5,212,134,290,310
when_4_jpg.rf.688feb6b219076b56fc053a68d89701d.jpg,2304,1440,3,1019,798,1224,1124
a_83_jpg.rf.6f205b4f9166a9b43dec87135f1f5e2a.jpg,720,404,8,261,207,462,328
leg_10_jpg.rf.6f543fa77d7f98e3d8e04bc33bd09b4c.jpg,2304,1440,8,1100,492,1438,920
a_167_jpg.rf.6e1a3f89d6cde14a74082864ab8a980d.jpg,720,404,13,296,241,463,378
a_16_jpg.rf.69c488a1a49f4f44f149e1590f7e74b9.jpg,720,404,1,231,229,391,388
fall_7_jpg.rf.6d09c77ca9e817951ed1b73123ca460b.jpg,2304,1440,1,972,530,1229,934
a_1021_jpg.rf.725225de82c6da111ab71a0935ccc968.jpg,720,404,4,224,24,302,99
a_474_jpg.rf.6f149c7f3c39dc200e040ec459510185.jpg,720,404,3,287,253,365,384
snot_11_jpg.rf.6b2089dc44c232069f48dd21f6c2db9b.jpg,2304,1440,12,857,496,1152,1104
head1_26_jpg.rf.6d19122749ea271ee9cd00fae4bf69a1.jpg,2304,1440,6,707,270,990,936
a_1030_jpg.rf.6a03526cd30f300ee998fe1662691ca0.jpg,720,404,5,207,45,286,281
a_219_jpg.rf.72014ce11131b5ae71c118c372d0dede.jpg,720,404,4,196,60,294,142
a_842_jpg.rf.6bbbc78ee48dc86bcd2cdbdf62471da6.jpg,720,404,6,145,44,293,236
a_1026_jpg.rf.73bef1eaadc6ba825a87d74ba41c3e29.jpg,720,404,5,206,44,295,281
a_166_jpg.rf.72a1421077e37ffe11bb6a29e1ceef26.jpg,720,404,13,302,232,460,380
a_115_jpg.rf.73de4094b98667701cd1537fe2b0e5dd.jpg,720,404,10,179,309,455,387
a_319_jpg.rf.72bd76cb23d5782b5834cb63ca2e3de0.jpg,720,404,6,149,35,330,272
fall_11_jpg.rf.738727e4c91f045e8f8bc8fb29ebf77d.jpg,2304,1440,1,927,476,1224,976
a_100_jpg.rf.7606402f14377929b4bef9d8534427a0.jpg,720,404,9,260,201,396,384
a_670_jpg.rf.76bbd74a9229b1095f348feab55afb01.jpg,720,404,13,281,216,451,336
a_357_jpg.rf.77880be42b82f3d63325260a05b37d28.jpg,720,404,8,287,221,465,338
head1_10_jpg.rf.7837447ffd22390c8604a217c9b8df70.jpg,2304,1440,6,693,224,988,888
a_922_jpg.rf.74f970f1c026452d0353b1069de818c7.jpg,720,404,10,219,252,430,327
head1_20_jpg.rf.751583e838559a46ca005c74ae2763be.jpg,2304,1440,6,715,290,996,936
snot_10_jpg.rf.73685ecb74289b19c6baef4228be2e41.jpg,2304,1440,12,859,512,1165,1124
no_10_jpg.rf.7707243eb50b6c05fd33553d0e02f64f.jpg,2304,1440,10,879,964,1428,1188
a_903_jpg.rf.76f2379d18c324e6bcb640a2466ebdfc.jpg,720,404,9,288,163,394,340
a_373_jpg.rf.77627157c6d3271d52c9f07e67275839.jpg,720,404,9,281,241,412,397
when_12_jpg.rf.79eddc4e15aaa826b6ec2b28b2a437da.jpg,2304,1440,3,1006,790,1222,1124
a_631_jpg.rf.793af9062e75dc92684458ef36570e3e.jpg,720,404,13,268,200,458,338
a_1014_jpg.rf.7521579d8e6e45e584489f25d28259f9.jpg,720,404,4,236,21,306,98
a_870_jpg.rf.7885ffab3a908186e220569185d96b0a.jpg,720,404,8,247,143,415,266
a_490_jpg.rf.74c435869b0c1d1dd55b593bf5b7e550.jpg,720,404,4,194,45,285,151
a_804_jpg.rf.7b7df97456fc0cd44f1de6506b66ded2.jpg,720,404,0,267,73,395,154
a_993_jpg.rf.78844be12a4862653894b5fb3b8b11fa.jpg,720,404,3,279,173,359,301
leg_13_jpg.rf.7bdfde748cb46958b0c7a60d03bd1c27.jpg,2304,1440,8,1091,490,1435,910
a_1053_jpg.rf.7617946ed7690c698ff6f81f83df0d59.jpg,720,404,5,208,168,305,297
a_296_jpg.rf.7895be9c83696d51b3fe38ce097b6e0e.jpg,720,404,1,231,267,389,387
fall_12_jpg.rf.81008186cc0e9d93116dca5f1c9c794d.jpg,2304,1440,1,922,496,1257,934
a_161_jpg.rf.7c75ef8c693e88effe85380b7390918d.jpg,720,404,13,325,187,499,308
a_64_jpg.rf.7f8a977bf8f8a4a49dac99742ad6ca89.jpg,720,404,7,242,243,368,393
a_471_jpg.rf.7dd4b8452fa4e62082ef2f6b57db0ff9.jpg,720,404,3,280,261,363,389
snot_24_jpg.rf.7f9a63d5db7af6d498f3dac501641b14.jpg,2304,1440,12,943,528,1161,1044
fall_17_jpg.rf.7d8560f300234654af4953da762aa1e5.jpg,2304,1440,1,936,658,1262,964
a_55_jpg.rf.7e3878f2ea9ac16ed4948622a73e4e29.jpg,720,404,6,157,28,326,243
when_17_jpg.rf.832df990d047423875fea632e4b862b5.jpg,2304,1440,3,1042,808,1222,1122
a_211_jpg.rf.7f2a2491bc1906c781ca5022e5fc2fdf.jpg,720,404,4,209,45,302,130
a_923_jpg.rf.807f29bfbc3c501abec3cb5cec8149bd.jpg,720,404,10,215,258,436,333
a_624_jpg.rf.835c4423289541d61aa2c8a6d4581a2b.jpg,720,404,13,301,203,452,332
a_963_jpg.rf.8186cc48c5c8d10c2ae03f292d6cc1d4.jpg,720,404,13,269,201,438,309
a_51_jpg.rf.7cbafba07b8b16f633f2f4ee4c9b7fbc.jpg,720,404,6,153,21,321,250
fall_5_jpg.rf.827351e7e426f0cafedfd566192c3b31.jpg,2304,1440,1,965,562,1224,934
a_473_jpg.rf.810bbeae217d0d51cbf8a34b8eb90778.jpg,720,404,3,289,259,362,385
a_487_jpg.rf.83d7ba0638cf065ebc9965ae7f13f662.jpg,720,404,4,210,57,292,138
leg_4_jpg.rf.83e9c026815929877cedad47044b94dc.jpg,2304,1440,8,1089,456,1453,904
a_881_jpg.rf.8197a2a178d4e7f5c120d7e7ffd2e192.jpg,720,404,8,246,154,426,261
a_293_jpg.rf.7eacb1e3ef9a887af9afa07b84fe77cc.jpg,720,404,1,247,264,387,385
a_629_jpg.rf.81cc5fa0f36a25e5e7e201cb7f5e5300.jpg,720,404,13,280,196,463,352
a_364_jpg.rf.814cb1b365bec8ba4c201e3a066319da.jpg,720,404,8,276,211,448,338
head1_8_jpg.rf.826f3a978968cfb3c5c65d3f6d477eb7.jpg,2304,1440,6,713,280,1006,924
yes_7_jpg.rf.87be538721654d47eb4a217ba874453a.jpg,2304,1440,4,801,292,1069,558
a_31_jpg.rf.88332f647664963cfdbb7928e498ef85.jpg,720,404,6,141,33,300,259
a_423_jpg.rf.8a5d527550d0424bc221ee3e26783501.jpg,720,404,12,202,107,360,337
fall_16_jpg.rf.896988a58d3bdf01363a4bd12d94d125.jpg,2304,1440,1,947,642,1266,938
again_9_jpg.rf.85894dd362e9d50d037c454b27c83e81.jpg,2304,1440,0,1136,590,1406,890
a_932_jpg.rf.840e4e26946991229fe80db39b75eda8.jpg,720,404,11,191,204,292,285
a_437_jpg.rf.8c2e769522bf4417def72483e663948e.jpg,720,404,9,308,194,485,303
a_1052_jpg.rf.84156ad87d77103d1d69a57eb74f679f.jpg,720,404,5,208,146,304,297
a_470_jpg.rf.841a5eeaa163c02afea5de44e30d6b15.jpg,720,404,3,285,252,362,391
a_580_jpg.rf.898e4bbf11ebe37b3377e07614d233fa.jpg,720,404,13,285,194,449,319
a_343_jpg.rf.8a2dc8635f1a7e7820f7f8b419a95df5.jpg,720,404,7,244,226,382,404
a_863_jpg.rf.896614cc6d9018b1fc58c972823f5f7f.jpg,720,404,7,259,113,392,291
head_15_jpg.rf.84e84e465b6f13723afd26f782671ca7.jpg,2304,1440,6,1021,182,1383,686
a_172_jpg.rf.89b7daa4cb02845276c79c550cc83713.jpg,720,404,13,280,271,449,397
head1_14_jpg.rf.891c31083a3e5ed2fcb86bf685215c79.jpg,2304,1440,6,713,294,1008,926
a_906_jpg.rf.8ceab263571dafe7969402ad896f0943.jpg,720,404,9,295,154,400,340
a_147_jpg.rf.84a4a6f8694de9b43e06148f6a087553.jpg,720,404,11,140,274,278,367
a_459_jpg.rf.852901682b43173912095ba84d37fe8f.jpg,720,404,2,170,324,466,404
a_880_jpg.rf.8ca2dedf52335b532c9755d857804153.jpg,720,404,8,249,156,419,265
a_98_jpg.rf.8a570094e372d3811758ba8ce87d7ad4.jpg,720,404,9,257,226,380,375
a_84_jpg.rf.8b4378be9073803783bb093a850f70c1.jpg,720,404,8,284,219,457,330
a_914_jpg.rf.8ecdf09bfb3ee812c50165e32044cec1.jpg,720,404,10,223,238,434,335
a_968_jpg.rf.8e51c53a16025bc4b96a4568d5a5711d.jpg,720,404,13,270,216,424,310
a_165_jpg.rf.8d9f6470f92f4b7761fe3617d37c5ad1.jpg,720,404,13,316,239,470,352
a_657_jpg.rf.8b5a6a8abf9b3ef54714c167cdf607ae.jpg,720,404,13,294,199,455,326
yesterday_11_jpg.rf.8f8b0084c5159b953f71c70b0a32ca3e.jpg,2304,1440,5,992,364,1138,834
a_577_jpg.rf.8e045c958d7af75bcfd1604e2a537389.jpg,720,404,13,276,188,449,319
medicine_10_jpg.rf.8ef7baf288ac6dffc9cb11243183ab1f.jpg,2304,1440,9,1014,788,1289,1152
snot_15_jpg.rf.8fa64dac4a89ebaed1c1901b65e44962.jpg,2304,1440,12,864,430,1141,1058
a_214_jpg.rf.92f45b995bc46c932794fdbc3c438ea2.jpg,720,404,4,204,43,294,120
head1_12_jpg.rf.8f25711a4d43e0d748e5d6ad81d0bd4a.jpg,2304,1440,6,683,268,996,924
a_1033_jpg.rf.942a2a2b975bdeaad15ec5e8956b9358.jpg,720,404,5,210,55,290,283
a_876_jpg.rf.928058e28d11753f9b6572e309ffc889.jpg,720,404,8,253,156,418,258
a_800_jpg.rf.92e5530d48e0dd1eae62675ac1fb47ed.jpg,720,404,0,287,109,399,190
a_493_jpg.rf.8dabc074d23cee710a80560398e0c487.jpg,720,404,5,140,52,228,312
today_16_jpg.rf.926bf0718d10f3d49d4adf96f922709e.jpg,2304,1440,2,852,986,1498,1268
head1_18_jpg.rf.94473b375290865e0d127dea02cd2004.jpg,2304,1440,6,706,298,998,918
head1_9_jpg.rf.8fc06025e6fe52ef6e151597d5e63258.jpg,2304,1440,6,710,274,1005,918
a_326_jpg.rf.94120bbfedd0c02fc708ba8c07f2edef.jpg,720,404,6,149,23,295,258
yesterday_16_jpg.rf.940f48573f65d6490843e08373e3a600.jpg,2304,1440,5,994,358,1122,858
a_130_jpg.rf.91bbdec4752c26ad37d639dbf683cc24.jpg,720,404,11,142,277,258,377
a_38_jpg.rf.8b0d974db25c3b11746a23a052816069.jpg,720,404,6,148,21,335,233
a_222_jpg.rf.94493432ec9e21e3eb0b1d2c1a116548.jpg,720,404,5,110,20,221,287
a_1011_jpg.rf.83ae0a576f301793ac29815c4e5a5a03.jpg,720,404,4,228,16,305,100
a_43_jpg.rf.955a63452fdf67d6ea0482f6af269b7c.jpg,720,404,6,140,15,304,237
a_890_jpg.rf.9487ab6ca69b8db40c08fbf5ac828394.jpg,720,404,9,279,150,396,296
a_151_jpg.rf.96300fa0bb95cd9026e65edb24f93902.jpg,720,404,11,210,322,315,404
a_467_jpg.rf.9cde016a259dbd635537602e81eef311.jpg,720,404,3,282,247,364,381
a_789_jpg.rf.9718625da8b0c451f9862c71722bd968.jpg,720,404,13,271,194,390,285
a_971_jpg.rf.944f7d317f97d1d8d7524bb157c84417.jpg,720,404,2,214,135,459,229
a_653_jpg.rf.9ab8caaf42e88bb37c83ddbce6560116.jpg,720,404,13,299,202,459,319
a_41_jpg.rf.9c436f73c17308f89e5917b8fa0aae3a.jpg,720,404,6,141,12,322,247
yesterday_30_jpg.rf.953a4364c5e22f6ff3289f07d2c25664.jpg,2304,1440,5,989,400,1158,920
medicine_4_jpg.rf.951d8123a6bb9b686378757efbef7e43.jpg,2304,1440,9,1005,798,1313,1206
head1_4_jpg.rf.9a20633039f77374d97e6613131731eb.jpg,2304,1440,6,686,244,979,926
a_645_jpg.rf.9d1dcfa2f5ba4c73afcba4d70c81ee00.jpg,720,404,13,287,247,482,328
a_1031_jpg.rf.9736cd1ec84ac8542bfe055e60d67e97.jpg,720,404,5,212,50,286,287
a_176_jpg.rf.9b898dc1054100679d3f7c4de90c3d00.jpg,720,404,13,280,286,446,404
a_920_jpg.rf.98cdbad774ec843cd7ff104b43cc0437.jpg,720,404,10,216,248,436,320
sick_1_jpg.rf.979a997b72779b98077614b6194216dd.jpg,2304,1440,11,751,1010,920,1204
a_898_jpg.rf.97b593103511a68fb5b89f0e3099832a.jpg,720,404,9,290,153,388,302
a_578_jpg.rf.9a51ea812ff6218ce648a5e638b47b9c.jpg,720,404,13,281,188,449,319
today_27_jpg.rf.95e22bb53320c6ccf3435cfee7bca569.jpg,2304,1440,2,821,984,1482,1252
a_1012_jpg.rf.9cc9c1b2b081588470299824efa732d4.jpg,720,404,4,238,25,306,98
a_389_jpg.rf.97f6c71d5f64ea0495d5e33b0009f810.jpg,720,404,9,287,238,394,404
a_817_jpg.rf.9d2aa4bcd4690ac767fb4c82a368bf31.jpg,720,404,1,257,142,379,261
a_442_jpg.rf.9a21e853f508471da37bdc4d91a50d3b.jpg,720,404,9,284,201,481,318
snot_21_jpg.rf.99033906dbb696a1d223f2fe7c29d532.jpg,2304,1440,12,911,528,1159,1078
a_141_jpg.rf.9cef219ca6cde91d100b66a6673eada9.jpg,720,404,11,148,271,273,370
a_673_jpg.rf.9f32014150c85a236e4112aa52d141da.jpg,720,404,13,272,230,447,329
a_377_jpg.rf.a29becb00e36c0163bcc62a191a39258.jpg,720,404,9,297,235,404,392
medicine_26_jpg.rf.9e761444e5272290ff733aad4990493d.jpg,2304,1440,9,1021,804,1295,1112
a_944_jpg.rf.9e57db8852bc030850a1ad3619b0801f.jpg,720,404,12,201,18,351,248
a_947_jpg.rf.98f84ca9fad0da5c20f0363482b3a6f6.jpg,720,404,12,203,55,338,297
a_937_jpg.rf.a16a00b48c551cf0fae5976ac19b19e1.jpg,720,404,11,425,219,512,294
a_647_jpg.rf.a1fdf6022e25c4e649099e55d6d3b886.jpg,720,404,13,297,240,472,329
yesterday_9_jpg.rf.9f1e8546f41765048d6093ff96bce0b6.jpg,2304,1440,5,1022,358,1152,858
a_456_jpg.rf.a35e90953e0ab7a4fedaa8a88d436510.jpg,720,404,2,166,315,461,400
no_14_jpg.rf.9ec9bd17c657290ffffbb82b60e8f112.jpg,2304,1440,10,902,896,1379,1186
a_652_jpg.rf.9eed30cfcca3ce64ecf4fc3e7846364d.jpg,720,404,13,280,199,452,324
a_857_jpg.rf.a41ce61026994b816a363368f74afe17.jpg,720,404,7,257,161,377,297
surgery_19_jpg.rf.8e97ade6813d1244ac4ed3f452c76721.jpg,2304,1440,13,1073,752,1532,1018
a_409_jpg.rf.a30e1644805d6c5979ae823b00ea07ff.jpg,720,404,11,207,293,330,370
a_799_jpg.rf.a11ecad9c793743abc7f4b72502eddb4.jpg,720,404,0,296,123,417,197
a_198_jpg.rf.a0c87282d06617f8f50b244d7bc8c9b8.jpg,720,404,3,287,262,374,387
a_593_jpg.rf.a23e277c3fe5c9c66f022c39b395a227.jpg,720,404,13,280,214,470,312
a_449_jpg.rf.a3ed7043eba5726a1debd2c9c412f4aa.jpg,720,404,13,288,203,476,328
when_8_jpg.rf.a440d3584f379c88c13b714543ea70fe.jpg,2304,1440,3,988,784,1240,1136
a_482_jpg.rf.a2f6f7477999721c363b34a42e64a842.jpg,720,404,4,212,54,302,154
a_391_jpg.rf.9dd747700e7a69dd55b213b2ae8917df.jpg,720,404,9,293,240,400,404
a_114_jpg.rf.a519063119e707a9c319d9aabb09c107.jpg,720,404,10,170,305,469,383
leg_5_jpg.rf.a5edcac281579a5d7285afc67886a524.jpg,2304,1440,8,1091,472,1440,878
a_170_jpg.rf.9f77d18949c8e476c6cfc65029df838e.jpg,720,404,13,279,275,456,391
when_2_jpg.rf.003b10f019c1f5e9c2b9fc611a65225b.jpg,2304,1440,3,994,756,1228,1152
a_292_jpg.rf.0090fb8d6b3a7277dfc937e256a0261c.jpg,720,404,1,244,258,397,381
a_362_jpg.rf.0028f5c2cca13763fb8d1a564f5f4295.jpg,720,404,8,279,218,452,336
a_401_jpg.rf.039a58081ab61dae38046ec9298f3343.jpg,720,404,11,148,294,248,377
a_973_jpg.rf.00cc6249547bdae0b924c56afd569f25.jpg,720,404,2,167,171,493,314
a_835_jpg.rf.056ddaa4f5f23d5b327c738553e4208a.jpg,720,404,6,131,4,299,202
fall_3_jpg.rf.0275b4b3dc6b06d51a2cc5fabb392aa2.jpg,2304,1440,1,952,572,1226,978
a_921_jpg.rf.06f38c2c771587567adb2382e8028c46.jpg,720,404,10,217,247,438,322
a_496_jpg.rf.057745e4fb210f250c7e84e29072f27f.jpg,720,404,5,173,85,280,289
a_931_jpg.rf.0601a2e67393a8a7d83af09aac1d9342.jpg,720,404,11,161,208,265,280
no_33_jpg.rf.026baf78ed918bdf12a461872a18ad29.jpg,2304,1440,10,864,992,1426,1218
today_11_jpg.rf.007e98438148e6e284b5bceee259781b.jpg,2304,1440,2,817,974,1510,1216
surgery_16_jpg.rf.08092778f3dee210cac36e94c33f8216.jpg,2304,1440,13,1079,746,1543,1028
medicine_7_jpg.rf.053e6989186aec25564de6a54fdec44f.jpg,2304,1440,9,1015,804,1298,1162
a_37_jpg.rf.0486f8fde9448942f86c92ee62904637.jpg,720,404,6,154,27,334,236
a_175_jpg.rf.011b27cb7901d6d0deb3bba32b70cd76.jpg,720,404,13,278,280,444,404
a_421_jpg.rf.04b3c6afa96d978f55e794b391860936.jpg,720,404,12,205,101,365,330
a_814_jpg.rf.06b97003a9d5f659520e0eb2ccd3dd74.jpg,720,404,1,243,128,375,269
a_597_jpg.rf.08486de4dde730541d1751d98877fe2c.jpg,720,404,13,309,224,488,338
a_475_jpg.rf.09b6fb7501128a6e6796902c23c2525c.jpg,720,404,3,282,263,378,388
a_483_jpg.rf.05f797ebca1e18068895d9baefa812b0.jpg,720,404,4,210,59,293,149
snot_12_jpg.rf.08bef744027100c0268024dbfc4fff88.jpg,2304,1440,12,917,452,1147,1044
inside_4_jpg.rf.06c8222cc783e605bc4c6414947bbc97.jpg,2304,1440,7,1010,648,1258,1046
a_587_jpg.rf.02cbe8ef0eb6e8c94a48d538d744af32.jpg,720,404,13,285,194,446,322
a_902_jpg.rf.05a4d926e0e9873d341eb9ed9793f7c2.jpg,720,404,9,286,158,393,316
a_904_jpg.rf.09479965739902169a87475154fb5d8f.jpg,720,404,9,290,162,402,342
a_54_jpg.rf.0c248758ea9d373892082f3316c2095a.jpg,720,404,6,157,23,322,245
surgery_23_jpg.rf.0b17c4f244b73f564892f3de7bd41c52.jpg,2304,1440,13,1080,742,1526,994
a_33_jpg.rf.0df864a9b8ccd547d3c74250ebebd355.jpg,720,404,6,148,17,326,244
a_633_jpg.rf.0b663fec6144944abfedb6e8b1df2f92.jpg,720,404,13,279,214,460,322
a_212_jpg.rf.0ccfb8ab15f6528e3851924c5f8bc0c7.jpg,720,404,4,219,42,297,127
fall_19_jpg.rf.0cda7077f612a078ce38ccb8a613c9a5.jpg,2304,1440,1,956,720,1258,998
today_19_jpg.rf.0ff7b3b7d5f487d6523885818717f76c.jpg,2304,1440,2,832,1000,1493,1274
when_18_jpg.rf.0f8cf60e469c359b9de804c92cd25b09.jpg,2304,1440,3,1039,804,1208,1112
a_314_jpg.rf.10424a3eba7aff3687393ca8421338c1.jpg,720,404,6,135,76,322,290
a_893_jpg.rf.108b53dd4b1a22c78db73448134400a0.jpg,720,404,9,280,152,399,305
a_1025_jpg.rf.09cec5b812963549f783e9689eee060b.jpg,720,404,5,196,51,299,281
a_145_jpg.rf.131660289f308e09c793d3645a4f1546.jpg,720,404,11,155,269,275,374
a_80_jpg.rf.0cd667a5575be0eafbe56043bbfd5f46.jpg,720,404,8,303,221,455,324
a_213_jpg.rf.11cf0a77be4d4128d5eb1ba238d0a0ac.jpg,720,404,4,212,37,293,123
no_17_jpg.rf.0c51948b2799cc6a6566393caaf41f86.jpg,2304,1440,10,819,1014,1426,1198
leg_1_jpg.rf.0cf28b67daedd2974619b8d364d72a63.jpg,2304,1440,8,1041,490,1473,928
a_929_jpg.rf.0c72500cdf5ab6e652e9113729d3f799.jpg,720,404,11,175,197,280,283
a_15_jpg.rf.0ea7168cde95bd41e872e4b3790a7bc3.jpg,720,404,1,251,229,385,388
head1_29_jpg.rf.13f2603520eec76034d9846728338054.jpg,2304,1440,6,709,290,992,938
a_310_jpg.rf.0f2ff1f57d0a51a08fc8e22569707717.jpg,720,404,6,164,40,336,250
a_678_jpg.rf.1386406d18b4f9078e94e3a7d8a8fcfa.jpg,720,404,13,288,244,434,345
a_415_jpg.rf.15205119996f9efcfdf15ee4d9ad9e82.jpg,720,404,12,205,115,369,339
a_658_jpg.rf.1138cc830a587dccb23e7fd45e20efd0.jpg,720,404,13,283,200,448,327
surgery_10_jpg.rf.0d54cc7947df07fc737590cd2a24f2f6.jpg,2304,1440,13,1113,758,1525,1006
fall_6_jpg.rf.17b9d89d3ef199e488224d1958ee4e66.jpg,2304,1440,1,983,538,1224,928
again_7_jpg.rf.0d7ceb107e0f8f7ea9845a7e5ed5dbd2.jpg,2304,1440,0,1014,550,1334,876
a_110_jpg.rf.121183fccf4d7cacdb781329d33fd15e.jpg,720,404,10,221,193,452,325
a_368_jpg.rf.14dbf5a1b31e256f30909afe69f27409.jpg,720,404,8,269,226,439,351
a_974_jpg.rf.19547c565be1f3b90c81ca0474ed9eee.jpg,720,404,2,170,164,486,282
a_668_jpg.rf.1542505e25cc3927cccf3b0cd861d39b.jpg,720,404,13,275,213,456,326
a_330_jpg.rf.15221037624a0b95b1bbbf887f894361.jpg,720,404,6,139,16,304,261
yes_13_jpg.rf.143565e69a6b0633f0ea5adcdc193209.jpg,2304,1440,4,778,290,1061,538
a_818_jpg.rf.16da0ab298909cbd95b0c1fe662bf792.jpg,720,404,1,247,157,379,263
fall_9_jpg.rf.1b5257b03d0e30dfeff7f27780108b11.jpg,2304,1440,1,956,510,1204,934
today_17_jpg.rf.1d0203444b8e16ad46c9f8c3354a81eb.jpg,2304,1440,2,851,998,1485,1274
head1_21_jpg.rf.1b3e46c7f8b1665e670d4d36edaae9f4.jpg,2304,1440,6,709,290,997,938
head1_6_jpg.rf.1630b827868d02296d58d6ada4cb33e7.jpg,2304,1440,6,702,280,1008,910
a_142_jpg.rf.19b44b03cf78170f2648378a34bb14b0.jpg,720,404,11,174,285,272,374
a_900_jpg.rf.19a92b42a5045af3940de9cbea7d6c0e.jpg,720,404,9,289,163,389,302
a_651_jpg.rf.1adacb49bff4d95160216c0cb11dd6c3.jpg,720,404,13,298,201,453,325
a_485_jpg.rf.1f6cc3a60b93fbb5fa2b5b2113f576b0.jpg,720,404,4,197,60,297,141
a_48_jpg.rf.1deb5265a27f857e703f8065ce511f79.jpg,720,404,6,152,31,315,244
when_14_jpg.rf.175f3681c255d9c22ef79c51ad11a7cc.jpg,2304,1440,3,998,788,1239,1126
today_29_jpg.rf.1d3fe58c39bfb9d99d00ddb272479edd.jpg,2304,1440,2,830,1036,1485,1322
leg_11_jpg.rf.1e1ce0ef4e47b95b1f2d9133acb056e8.jpg,2304,1440,8,1071,486,1436,918
head1_7_jpg.rf.17f931d3026043e92a193804b78a54db.jpg,2304,1440,6,709,274,1006,908
a_322_jpg.rf.1d03c40b6d1fcd7e3d0446af5b08c700.jpg,720,404,6,151,19,301,271
a_63_jpg.rf.1cad9bedd21a85365aeaf968f7f496af.jpg,720,404,7,230,235,377,395
a_276_jpg.rf.1ece811364559c1a0b3a263f2f68492f.jpg,720,404,0,273,208,404,299
a_193_jpg.rf.2254b36446f7b7aa7f13ca0906731d8f.jpg,720,404,3,283,242,376,389
a_634_jpg.rf.2591ae05f79554e3d4b90c737fbe7132.jpg,720,404,13,266,227,466,314
a_180_jpg.rf.1df0ee64341b57b240da50a1d0d8b32a.jpg,720,404,2,211,191,481,302
a_148_jpg.rf.27697923e10e19102b56427164e70c95.jpg,720,404,11,156,274,279,370
a_24_jpg.rf.1fb7f79d9299fade4dd1410cdcb9cfdb.jpg,720,404,1,237,261,388,358
a_672_jpg.rf.1a5ee4e807b36123126da34a9043ac53.jpg,720,404,13,279,227,436,331
fall_29_jpg.rf.1e3d6ed240b4506194aa0225a4cf1e00.jpg,2304,1440,1,963,676,1269,960
a_504_jpg.rf.1b93a05e4401517c4126e901116b60f2.jpg,720,404,5,186,119,283,356
a_822_jpg.rf.2a6318dd62fab46ef70872a8ac5ec33d.jpg,720,404,1,252,164,378,258
a_895_jpg.rf.22e295fc3fb867bb03fa13da698a3c67.jpg,720,404,9,277,157,397,300
a_392_jpg.rf.249002a577c783dbbfaffcaa733b3223.jpg,720,404,9,292,240,402,404
a_125_jpg.rf.1ec7ab2ebdf84cc6f7523cbf22e82198.jpg,720,404,10,230,327,440,404
again_16_jpg.rf.228d1c92452dbb355ef6bf2bd0ef300b.jpg,2304,1440,0,999,600,1363,886
a_916_jpg.rf.292b0db3e3930d8e915614bd853d5bad.jpg,720,404,10,212,180,430,289
a_231_jpg.rf.2879aecc79e81e09d0dba0b459857f29.jpg,720,404,5,160,92,283,335
a_832_jpg.rf.249759b680bc48b37020250a8ed23e66.jpg,720,404,6,143,9,315,195
a_930_jpg.rf.289cc81645cea6da3b230b53702549a8.jpg,720,404,11,176,198,275,282
a_875_jpg.rf.2d71fd8c971e5609a853be413f806e2c.jpg,720,404,8,243,149,421,257
head_1_jpg.rf.2525af187fd12205408391704cfd7c8f.jpg,2304,1440,6,994,132,1340,668
a_140_jpg.rf.28981629536b98d73ab25ab35607bb89.jpg,720,404,11,158,270,269,364
head_12_jpg.rf.2cc724ba06cef7b9e88bccd5355bf1ba.jpg,2304,1440,6,1017,184,1368,716
a_121_jpg.rf.2fe42b6185d464e688653f72e10b8181.jpg,720,404,10,204,324,436,404
again_8_jpg.rf.27c83b917b0d4f3d7d875419942ea538.jpg,2304,1440,0,1010,566,1384,856
a_1046_jpg.rf.2c200b4ee14292a6df5f70d81a40ab94.jpg,720,404,5,218,186,294,319
a_333_jpg.rf.2c727e6fdc65f967131d47cb09574da7.jpg,720,404,6,134,9,294,253
a_792_jpg.rf.2b83330336244521becdf349c7b4c410.jpg,720,404,13,259,199,391,294
a_127_jpg.rf.2833a9358f644c92a17df7cd2b9fabd0.jpg,720,404,10,237,327,431,404
when_26_jpg.rf.2f57094d037c75eda70148af8d06d665.jpg,2304,1440,3,1053,828,1217,1172
a_429_jpg.rf.2992fedd04aaf2f35704967e0c70e7e5.jpg,720,404,13,291,262,437,380
leg_3_jpg.rf.2e6abb49a6e6a13815e377a7ee479c22.jpg,2304,1440,8,1075,462,1448,876
a_58_jpg.rf.2f9b151423fc105d13dfc9588b55fb98.jpg,720,404,6,129,60,302,265
a_975_jpg.rf.25eda35833bd6ce63a3f5a41820fe990.jpg,720,404,2,167,175,496,283
a_184_jpg.rf.3054b674ccd9b0308e7e634ef5173c1f.jpg,720,404,2,165,285,482,377
a_831_jpg.rf.314d223c6f02767e44e4609c427e5a3e.jpg,720,404,6,150,1,315,181
a_230_jpg.rf.33171451a4036efb7e0e40707552de48.jpg,720,404,5,163,82,280,306
medicine_6_jpg.rf.2f86b9a4ec5e7ca306e3a82dfbf67611.jpg,2304,1440,9,1021,786,1298,1160
surgery_2_jpg.rf.32e65a6f6b8c62d715797d419adcec1f.jpg,2304,1440,13,1122,772,1498,1026
a_281_jpg.rf.2cd149b5758599d61b1b2db7e3650472.jpg,720,404,0,274,199,395,284
when_27_jpg.rf.30022044220d0f32ed677edcaf0a0e51.jpg,2304,1440,3,1058,876,1215,1200
when_20_jpg.rf.3325069c24ab83a4ac2672a5e6bedcb8.jpg,2304,1440,3,1037,808,1212,1118
a_977_jpg.rf.376fc03bc4bd19768d7bb8d2d6b88cc9.jpg,720,404,2,175,251,462,335
a_907_jpg.rf.30d74558910a4ae0a4103083e454b546.jpg,720,404,9,297,155,398,332
when_16_jpg.rf.374874920f2ebb6827851f9125300ec8.jpg,2304,1440,3,1030,792,1223,1140
fall_27_jpg.rf.32cf818aae0a3ec624af10d3a57b7490.jpg,2304,1440,1,965,682,1266,960
a_1028_jpg.rf.3043ac8af7877b421929afb8256d3340.jpg,720,404,5,201,59,302,274
a_1023_jpg.rf.36c5760c565e58877b18316e2ef4e773.jpg,720,404,5,176,29,277,269
a_499_jpg.rf.345954a6ddfe8d518cee77b9d5d3df4f.jpg,720,404,5,175,96,286,297
yes_15_jpg.rf.33fa575e422ee4756cea23219b5ac41d.jpg,2304,1440,4,819,312,1071,552
a_443_jpg.rf.363ab08e4cd6d104c87f67d04ce47d53.jpg,720,404,9,285,205,468,328
a_385_jpg.rf.30f968ba88cbde899f9b3b0306725372.jpg,720,404,9,295,242,409,404
a_915_jpg.rf.35b90bd4727150b5c4abf114eaa7bd9d.jpg,720,404,10,228,200,433,322
a_674_jpg.rf.38a046d0821ef747eb208519b12c1501.jpg,720,404,13,268,232,444,327
a_641_jpg.rf.395506fc6e248445891c35df98cefabf.jpg,720,404,13,300,243,470,324
today_14_jpg.rf.379b446133db23cd2240e7006a1c6cc4.jpg,2304,1440,2,839,936,1507,1176
head1_24_jpg.rf.359c74a014804ab4e876b7a224232a0e.jpg,2304,1440,6,711,280,995,928
when_6_jpg.rf.37d58af51baeed2420f41ed8d7856537.jpg,2304,1440,3,1023,808,1223,1144
a_359_jpg.rf.37d176a03ffbba922d089cc833f9dbcd.jpg,720,404,8,283,224,461,335
inside_11_jpg.rf.3aed3e17fe9fb474e33a23b29fc92605.jpg,2304,1440,7,999,630,1246,1064
again_18_jpg.rf.3724f05329b219b63f7aea5058ece1ae.jpg,2304,1440,0,1004,620,1332,916
head1_17_jpg.rf.335ed75af47a7cdb789e476598554925.jpg,2304,1440,6,709,290,1006,926
a_104_jpg.rf.3aa54734e61386006ab8c2a126aaee79.jpg,720,404,9,265,223,383,386
a_1035_jpg.rf.38806ab4a5f9ecd0cc93e1084269f19c.jpg,720,404,5,212,61,294,271
a_840_jpg.rf.3ad84049b7bcf67220010ac476118b14.jpg,720,404,6,124,20,276,220
a_113_jpg.rf.38f86efd49d2f77c61bae54def0c27ba.jpg,720,404,10,167,308,478,388
a_347_jpg.rf.3dc4171c5ff6f1c203f51f47881349ae.jpg,720,404,7,257,242,387,397
a_346_jpg.rf.39e222ef66c4f0e30113d5bb76c8736c.jpg,720,404,7,249,235,385,394
a_17_jpg.rf.37bc39fd91971711e426c8a60b704656.jpg,720,404,1,229,224,387,390
leg_6_jpg.rf.3e56fb26c490c5d14861196913854434.jpg,2304,1440,8,1116,478,1451,890
a_882_jpg.rf.33e7172e9690f36369e4dbb7488c67e3.jpg,720,404,8,240,160,428,268
a_303_jpg.rf.3e799732061242631215a6cf71ca945e.jpg,720,404,6,119,24,270,260
a_378_jpg.rf.3c125981d6fb9d559596c26b28753e7d.jpg,720,404,9,291,235,407,392
a_836_jpg.rf.3907eda04c477419a8ab3e1683101d20.jpg,720,404,6,132,12,301,202
a_62_jpg.rf.39add1cb050f3af7a5ce33fe11f41a5d.jpg,720,404,7,229,212,374,381
a_816_jpg.rf.3c5ef2be1bd221fc57447194ed29c632.jpg,720,404,1,252,144,385,266
a_591_jpg.rf.3ec00c16f1f1fcb56dfc8506953ab6ee.jpg,720,404,13,297,206,471,313
a_576_jpg.rf.3ca892da1c8a0ed7612fb4121f8e12e4.jpg,720,404,13,280,187,456,316
a_280_jpg.rf.3c31c899f72b6dec53cd892efc342a6d.jpg,720,404,0,275,204,406,288
inside_2_jpg.rf.41ae120a6152158bbe31ac5116d57711.jpg,2304,1440,7,1006,580,1276,1048
a_845_jpg.rf.424e8307cdb047838b1e630371960acb.jpg,720,404,6,132,8,294,211
a_126_jpg.rf.412840a97f891b02c3589fa635f0e973.jpg,720,404,10,238,329,432,404
today_25_jpg.rf.3d84c271844d4eaf5fe940dac5d1c255.jpg,2304,1440,2,828,996,1462,1246